Fecha,Cliente,Total,Método,Detalles
2025-10-30 20:32:00,CONSUMIDOR FINAL,1000.00,Efectivo,1000 x1 ($0.00); 100 x1 ($1000.00)
2025-10-31 00:28:37,CONSUMIDOR FINAL,1000.00,1000 x1 ($1000.00)
2025-10-31 17:41:53,CONSUMIDOR FINAL,2000.00,1000 x2 ($1000.00)
2025-10-31 17:50:54,CONSUMIDOR FINAL,1000.00,1000 x1 ($1000.00)
2025-10-31 20:05:22,CONSUMIDOR FINAL,2000.00,coca coca 500ml x1 ($2000.00)
2025-10-31 20:07:39,CONSUMIDOR FINAL,1000.00,1000 x1 ($1000.00)
2025-10-31 21:14:40,CONSUMIDOR FINAL,1000.00,1000 x1 ($1000.00)
2025-10-31 21:15:08,CONSUMIDOR FINAL,2000.00,coca coca 500ml x1 ($2000.00)
